BCP3075681,GTCAAAGATCGCGCTCGCATCTGTCAATTCTACGGCACTAGACCGGTTTGACCGACAAAT,2016-02-17,10,28.33333333,0.960524526
JVE8629150,GCTGTACATAGTTATTTCACGGAATCCCACGTCAAGCACAGCCTACGCGTGCCACTTTTT,2016-09-12,23,30,1.278095372
OSF1735982,CAGTTACCCGAAACTTGTTTAGGCAAACGAAGTAAGAGCTGATACCAAGATTGACGATTA,2016-11-01,45,18.33333333,0.882444272
ODH8193265,AACATCGAGCGGTGTCCGCGCTTCACCATCGCTGCGCAGGACGTTGGCAACCCTTTTAGG,2016-11-10,30,31.66666667,1.497294023
JIN5920143,CGCATGCGGTACCGCTTTATCAAATGTATCCTCCCATTCTGCATTTTAGTGGTCCCACAG,2016-12-23,36,30,0.994995318
DRZ5491863,TTTTCGAGTGTGCGGCTCTATGGAACATGCCTGCAATCGATTAAACTATTGGTCCGAGTG,2016-12-29,33,20,0.745783255
QLS8492075,TGACGTCCGGATTTAGCGATTGCCCGTGAGTATAACCATGAGCTAGCTCTAAACTTCGGA,2017-05-17,48,23.33333333,1.277669042
CLA7038196,GTAAGTATTTCGAGATATGGACGTCGTATGGACTAACCTGCCCGCGAATATAGGGATACC,2017-08-17,0,20,0.847785399
JQI5698320,CTACTGGAAGCCGTGTTGCGTCCGCTCAAGATGTATAACCGGCCACCCATACACACAGGC,2017-11-03,17,33.33333333,0.741300506
AOR3192574,TATTAAGAGAGGAATAATTTAGGCTCCCGAGGCGATAACCCACTACGCGGCGATCCCAGT,2018-02-12,25,25,0.606747103
GAW0127984,AATAAGCAGCGCATTATGTTCGTGTCAGGTGCAAGACGTCGGCGGTACGTCACCGTTTAC,2018-02-13,47,23.33333333,0.583396259
AZH7586914,TAAGGTGGAGACTTTCGTCGATGTTCTAAGATTGTTAATTAAACCCAGAGATATCGACCC,2018-04-09,18,18.33333333,0.605151382
UNE6724195,TCAACTGGGGACCGTTCCTTACGACATACTCGGCGACGCAGTCAGGGCTCAGCAGACCCC,2018-07-20,20,35,1.001723618
TVY6587924,GGGGTTGCTCATCTCATGTTACTGGCCGTTCCGTGCTAGCACCATTGCGACGTCGGTGGG,2018-12-13,12,26.66666667,1.470874363
XPK1348569,ATGTCACTCATCGCGGCTCGATGGATTTCGACGTCATTAATATTTCCGGATACTATGACA,2019-02-18,45,23.33333333,0.889886673
ADR0726358,TAGCACGTGACGCTGCATCCGGGATGAATATTCGACGTATAAGGAAATACTCCTTGATCC,2019-04-08,1,23.33333333,0.843427386
TPE9358064,CGTCTCTTAAGTTTATTTGTACCTATAGCGTTTTATTTTGGGAACAGGAGGTATACTTAA,2019-04-09,39,13.33333333,1.201681562
GAV7125960,CATGGGAGGCCGAGGCGGGCAGGCCTCTGACATTCCGTGCACGGACGTGGGATGGGTTGC,2019-06-04,7,25,0.763991251
HMI9647812,ACTGCGAACCGCTATATCACAGTGATATATATCATGACGTTCTTGACCTGCCCCAGACGA,2019-07-29,18,28.33333333,0.667883577
MFX4628910,TAATGTGTATCCTGACACAGGGGACAGGCACAAGCGTCTATGTAACAGTTTGGACCTCGG,2019-08-06,4,21.66666667,0.569159849